,Train,Test
min,25.19285714,26.84285714
max,30.06428571,29.90714286
mean,27.470527383816794,28.265687831000005
median,27.47857143,28.19107143
std,0.8160633089455707,0.7180296188972506
range,4.871428569999999,3.064285720000001
