,Train,Test
min,17461.0,18549.0
max,51714.0,54030.0
mean,29452.5558353595,30491.271806301287
median,29361.0,30398.0
std,5874.732836801562,5728.995451005874
range,34253.0,35481.0
