,raw,after_interp
min,17461.0,17461.0
max,54030.0,54030.0
mean,29766.427407587547,29764.228634816434
median,29655.0,29653.0
std,5849.681039821835,5850.708255648071
range,36569.0,36569.0
